,customer_id,loyalty_score,product_id,product_category,purchase_count
0,C1,7,P13,clothes,1
1,C1,7,P16,clothes,2
2,C1,7,P17,clothes,1
3,C1,7,P18,clothes,1
4,C1,7,P19,clothes,1
5,C1,7,P21,clothes,1
6,C1,7,P23,fruit_veg,2
7,C1,7,P26,fruit_veg,1
8,C1,7,P27,fruit_veg,1
9,C1,7,P28,fruit_veg,1
10,C1,7,P31,fruit_veg,2
11,C1,7,P34,fruit_veg,1
12,C1,7,P41,food,1
13,C1,7,P51,food,1
14,C10,5,P01,house,1
15,C10,5,P02,house,1
16,C10,5,P03,house,3
17,C10,5,P04,house,1
18,C10,5,P09,house,1
19,C10,5,P10,house,3
20,C10,5,P25,fruit_veg,1
21,C10,5,P27,fruit_veg,1
22,C10,5,P29,fruit_veg,1
23,C10,5,P31,fruit_veg,1
24,C10,5,P33,fruit_veg,1
25,C10,5,P35,sweets,1
26,C10,5,P36,sweets,2
27,C10,5,P37,sweets,2
28,C10,5,P39,sweets,3
29,C10,5,P40,sweets,2
30,C100,8,P23,fruit_veg,1
31,C100,8,P34,fruit_veg,1
32,C100,8,P35,sweets,1
33,C100,8,P37,sweets,2
34,C100,8,P38,sweets,1
35,C100,8,P39,sweets,1
36,C100,8,P43,food,1
37,C100,8,P45,food,1
38,C100,8,P47,food,1
39,C100,8,P49,food,3
40,C100,8,P50,food,1
41,C100,8,P51,food,1
42,C100,8,P52,food,1
43,C100,8,P58,food,1
44,C100,8,P61,bws,2
45,C100,8,P62,bws,3
46,C100,8,P64,bws,3
47,C101,2,P41,food,3
48,C101,2,P42,food,2
49,C101,2,P45,food,2
50,C101,2,P47,food,1
51,C101,2,P48,food,3
52,C101,2,P49,food,1
53,C101,2,P50,food,1
54,C101,2,P51,food,1
55,C101,2,P53,food,1
56,C101,2,P55,food,3
57,C101,2,P57,food,2
58,C101,2,P58,food,1
59,C101,2,P59,food,1
60,C101,2,P60,food,1
61,C102,1,P35,sweets,6
62,C102,1,P36,sweets,2
63,C102,1,P37,sweets,4
64,C102,1,P39,sweets,1
65,C102,1,P40,sweets,1
66,C103,7,P35,sweets,5
67,C103,7,P36,sweets,7
68,C103,7,P37,sweets,6
69,C103,7,P38,sweets,5
70,C103,7,P39,sweets,6
71,C103,7,P40,sweets,2
72,C104,7,P23,fruit_veg,2
73,C104,7,P26,fruit_veg,1
74,C104,7,P27,fruit_veg,1
75,C104,7,P29,fruit_veg,1
76,C104,7,P31,fruit_veg,1
77,C104,7,P32,fruit_veg,1
78,C104,7,P35,sweets,3
79,C104,7,P36,sweets,1
80,C104,7,P37,sweets,2
81,C104,7,P39,sweets,1
82,C104,7,P40,sweets,3
83,C104,7,P61,bws,2
84,C104,7,P63,bws,1
85,C104,7,P64,bws,4
86,C105,8,P26,fruit_veg,2
87,C105,8,P27,fruit_veg,1
88,C105,8,P28,fruit_veg,2
89,C105,8,P29,fruit_veg,1
90,C105,8,P30,fruit_veg,1
91,C105,8,P33,fruit_veg,1
92,C105,8,P35,sweets,2
93,C105,8,P36,sweets,2
94,C105,8,P37,sweets,1
95,C105,8,P38,sweets,2
96,C105,8,P39,sweets,2
97,C105,8,P40,sweets,2
98,C105,8,P41,food,1
99,C105,8,P42,food,1
100,C105,8,P44,food,1
101,C105,8,P45,food,1
102,C105,8,P48,food,1
103,C105,8,P50,food,2
104,C105,8,P52,food,4
105,C105,8,P53,food,1
106,C106,5,P22,fruit_veg,1
107,C106,5,P23,fruit_veg,5
108,C106,5,P24,fruit_veg,5
109,C106,5,P25,fruit_veg,8
110,C106,5,P26,fruit_veg,8
111,C106,5,P27,fruit_veg,7
112,C106,5,P28,fruit_veg,6
113,C106,5,P29,fruit_veg,3
114,C106,5,P30,fruit_veg,2
115,C106,5,P31,fruit_veg,6
116,C106,5,P32,fruit_veg,4
117,C106,5,P33,fruit_veg,4
118,C106,5,P34,fruit_veg,2
119,C107,3,P14,clothes,3
120,C107,3,P16,clothes,1
121,C107,3,P17,clothes,4
122,C107,3,P18,clothes,2
123,C107,3,P19,clothes,1
124,C107,3,P20,clothes,3
125,C107,3,P21,clothes,1
126,C107,3,P22,fruit_veg,2
127,C107,3,P23,fruit_veg,2
128,C107,3,P24,fruit_veg,1
129,C107,3,P26,fruit_veg,1
130,C107,3,P27,fruit_veg,1
131,C107,3,P28,fruit_veg,1
132,C107,3,P29,fruit_veg,2
133,C107,3,P32,fruit_veg,3
134,C107,3,P34,fruit_veg,2
135,C107,3,P36,sweets,2
136,C107,3,P38,sweets,2
137,C107,3,P39,sweets,5
138,C107,3,P40,sweets,2
139,C107,3,P42,food,1
140,C107,3,P45,food,1
141,C107,3,P46,food,1
142,C107,3,P47,food,1
143,C107,3,P48,food,1
144,C107,3,P53,food,1
145,C107,3,P54,food,1
146,C107,3,P55,food,1
147,C107,3,P56,food,2
148,C107,3,P59,food,2
149,C107,3,P60,food,1
150,C107,3,P61,bws,2
151,C107,3,P62,bws,1
152,C107,3,P63,bws,3
153,C107,3,P64,bws,1
154,C108,8,P41,food,2
155,C108,8,P43,food,5
156,C108,8,P44,food,1
157,C108,8,P45,food,2
158,C108,8,P46,food,4
159,C108,8,P47,food,1
160,C108,8,P48,food,1
161,C108,8,P50,food,5
162,C108,8,P51,food,1
163,C108,8,P52,food,4
164,C108,8,P53,food,2
165,C108,8,P54,food,2
166,C108,8,P55,food,1
167,C108,8,P56,food,1
168,C108,8,P57,food,3
169,C108,8,P59,food,2
170,C108,8,P60,food,4
171,C109,6,P24,fruit_veg,1
172,C109,6,P26,fruit_veg,1
173,C109,6,P27,fruit_veg,1
174,C109,6,P28,fruit_veg,1
175,C109,6,P29,fruit_veg,1
176,C109,6,P33,fruit_veg,2
177,C109,6,P34,fruit_veg,2
178,C109,6,P41,food,1
179,C109,6,P58,food,2
180,C109,6,P59,food,1
181,C109,6,P60,food,1
182,C11,4,P42,food,2
183,C11,4,P43,food,3
184,C11,4,P44,food,1
185,C11,4,P46,food,2
186,C11,4,P47,food,1
187,C11,4,P48,food,1
188,C11,4,P49,food,1
189,C11,4,P51,food,1
190,C11,4,P52,food,1
191,C11,4,P53,food,3
192,C11,4,P54,food,2
193,C11,4,P55,food,4
194,C11,4,P56,food,1
195,C11,4,P59,food,2
196,C11,4,P60,food,2
197,C11,4,P61,bws,6
198,C11,4,P62,bws,2
199,C11,4,P63,bws,5
200,C11,4,P64,bws,3
201,C110,3,P01,house,7
202,C110,3,P02,house,5
203,C110,3,P03,house,3
204,C110,3,P04,house,5
205,C110,3,P05,house,6
206,C110,3,P06,house,2
207,C110,3,P07,house,4
208,C110,3,P08,house,1
209,C110,3,P09,house,3
210,C110,3,P11,house,6
211,C110,3,P12,house,2
212,C111,1,P01,house,2
213,C111,1,P02,house,2
214,C111,1,P03,house,2
215,C111,1,P04,house,1
216,C111,1,P05,house,3
217,C111,1,P06,house,2
218,C111,1,P07,house,3
219,C111,1,P08,house,2
220,C111,1,P10,house,4
221,C111,1,P11,house,3
222,C111,1,P12,house,1
223,C111,1,P22,fruit_veg,2
224,C111,1,P23,fruit_veg,1
225,C111,1,P24,fruit_veg,3
226,C111,1,P25,fruit_veg,2
227,C111,1,P26,fruit_veg,1
228,C111,1,P27,fruit_veg,1
229,C111,1,P29,fruit_veg,2
230,C111,1,P30,fruit_veg,2
231,C111,1,P31,fruit_veg,3
232,C111,1,P32,fruit_veg,2
233,C111,1,P33,fruit_veg,4
234,C111,1,P35,sweets,2
235,C111,1,P37,sweets,2
236,C111,1,P38,sweets,1
237,C111,1,P39,sweets,2
238,C112,3,P22,fruit_veg,2
239,C112,3,P23,fruit_veg,3
240,C112,3,P24,fruit_veg,7
241,C112,3,P25,fruit_veg,3
242,C112,3,P27,fruit_veg,3
243,C112,3,P28,fruit_veg,5
244,C112,3,P30,fruit_veg,4
245,C112,3,P32,fruit_veg,2
246,C112,3,P33,fruit_veg,4
247,C112,3,P34,fruit_veg,2
248,C113,5,P03,house,1
249,C113,5,P05,house,1
250,C113,5,P06,house,1
251,C113,5,P07,house,4
252,C113,5,P08,house,2
253,C113,5,P10,house,2
254,C113,5,P11,house,1
255,C113,5,P12,house,2
256,C113,5,P35,sweets,2
257,C113,5,P36,sweets,6
258,C113,5,P37,sweets,3
259,C113,5,P38,sweets,3
260,C113,5,P39,sweets,4
261,C113,5,P40,sweets,2
262,C114,3,P24,fruit_veg,1
263,C114,3,P26,fruit_veg,1
264,C114,3,P27,fruit_veg,1
265,C114,3,P29,fruit_veg,2
266,C114,3,P30,fruit_veg,1
267,C114,3,P31,fruit_veg,1
268,C114,3,P32,fruit_veg,1
269,C114,3,P33,fruit_veg,2
270,C114,3,P34,fruit_veg,1
271,C114,3,P37,sweets,1
272,C114,3,P38,sweets,2
273,C114,3,P40,sweets,2
274,C114,3,P44,food,1
275,C114,3,P47,food,2
276,C114,3,P48,food,1
277,C114,3,P49,food,1
278,C114,3,P59,food,1
279,C114,3,P61,bws,3
280,C114,3,P62,bws,4
281,C114,3,P63,bws,2
282,C114,3,P64,bws,4
283,C115,1,P23,fruit_veg,5
284,C115,1,P24,fruit_veg,4
285,C115,1,P25,fruit_veg,3
286,C115,1,P26,fruit_veg,1
287,C115,1,P27,fruit_veg,3
288,C115,1,P28,fruit_veg,1
289,C115,1,P29,fruit_veg,4
290,C115,1,P30,fruit_veg,3
291,C115,1,P31,fruit_veg,4
292,C115,1,P32,fruit_veg,4
293,C115,1,P33,fruit_veg,3
294,C115,1,P34,fruit_veg,3
295,C116,5,P01,house,1
296,C116,5,P04,house,1
297,C116,5,P09,house,1
298,C116,5,P11,house,1
299,C116,5,P13,clothes,1
300,C116,5,P18,clothes,1
301,C116,5,P19,clothes,1
302,C116,5,P20,clothes,1
303,C116,5,P23,fruit_veg,1
304,C116,5,P24,fruit_veg,1
305,C116,5,P26,fruit_veg,1
306,C116,5,P27,fruit_veg,1
307,C116,5,P29,fruit_veg,1
308,C116,5,P30,fruit_veg,1
309,C116,5,P31,fruit_veg,1
310,C116,5,P34,fruit_veg,1
311,C116,5,P52,food,2
312,C116,5,P53,food,1
313,C116,5,P56,food,1
314,C117,10,P43,food,1
315,C117,10,P45,food,1
316,C117,10,P47,food,1
317,C117,10,P48,food,1
318,C117,10,P50,food,1
319,C117,10,P53,food,4
320,C117,10,P54,food,1
321,C117,10,P56,food,1
322,C117,10,P57,food,2
323,C117,10,P58,food,1
324,C117,10,P59,food,3
325,C118,7,P22,fruit_veg,1
326,C118,7,P23,fruit_veg,1
327,C118,7,P24,fruit_veg,2
328,C118,7,P25,fruit_veg,3
329,C118,7,P26,fruit_veg,2
330,C118,7,P28,fruit_veg,2
331,C118,7,P29,fruit_veg,4
332,C118,7,P30,fruit_veg,3
333,C118,7,P31,fruit_veg,3
334,C118,7,P32,fruit_veg,2
335,C118,7,P33,fruit_veg,3
336,C118,7,P34,fruit_veg,3
337,C118,7,P35,sweets,3
338,C118,7,P36,sweets,2
339,C118,7,P37,sweets,1
340,C118,7,P38,sweets,3
341,C118,7,P39,sweets,4
342,C118,7,P40,sweets,2
343,C118,7,P44,food,1
344,C118,7,P49,food,1
345,C118,7,P51,food,2
346,C118,7,P52,food,2
347,C118,7,P53,food,3
348,C118,7,P56,food,2
349,C118,7,P60,food,1
350,C119,7,P13,clothes,1
351,C119,7,P14,clothes,2
352,C119,7,P15,clothes,1
353,C119,7,P17,clothes,3
354,C119,7,P18,clothes,1
355,C119,7,P19,clothes,1
356,C119,7,P20,clothes,2
357,C119,7,P22,fruit_veg,1
358,C119,7,P23,fruit_veg,1
359,C119,7,P25,fruit_veg,1
360,C119,7,P26,fruit_veg,1
361,C119,7,P27,fruit_veg,4
362,C119,7,P28,fruit_veg,1
363,C119,7,P29,fruit_veg,2
364,C119,7,P31,fruit_veg,2
365,C119,7,P32,fruit_veg,2
366,C119,7,P34,fruit_veg,1
367,C119,7,P61,bws,4
368,C119,7,P62,bws,4
369,C119,7,P63,bws,2
370,C12,8,P22,fruit_veg,1
371,C12,8,P24,fruit_veg,2
372,C12,8,P29,fruit_veg,1
373,C12,8,P30,fruit_veg,2
374,C12,8,P31,fruit_veg,2
375,C12,8,P32,fruit_veg,1
376,C12,8,P53,food,1
377,C12,8,P57,food,1
378,C12,8,P58,food,1
379,C120,9,P24,fruit_veg,1
380,C120,9,P25,fruit_veg,2
381,C120,9,P27,fruit_veg,3
382,C120,9,P30,fruit_veg,1
383,C120,9,P31,fruit_veg,2
384,C120,9,P33,fruit_veg,1
385,C120,9,P34,fruit_veg,1
386,C121,10,P02,house,1
387,C121,10,P04,house,1
388,C121,10,P07,house,1
389,C121,10,P09,house,1
390,C121,10,P12,house,3
391,C121,10,P22,fruit_veg,1
392,C121,10,P27,fruit_veg,1
393,C121,10,P28,fruit_veg,2
394,C121,10,P32,fruit_veg,1
395,C121,10,P33,fruit_veg,1
396,C121,10,P35,sweets,1
397,C121,10,P40,sweets,1
398,C121,10,P62,bws,1
399,C121,10,P63,bws,1
400,C122,10,P35,sweets,2
401,C122,10,P36,sweets,3
402,C122,10,P37,sweets,2
403,C122,10,P38,sweets,4
404,C122,10,P39,sweets,4
405,C122,10,P40,sweets,4
406,C122,10,P43,food,1
407,C122,10,P49,food,1
408,C122,10,P51,food,1
409,C122,10,P54,food,1
410,C122,10,P57,food,1
411,C122,10,P59,food,1
412,C122,10,P61,bws,9
413,C122,10,P62,bws,6
414,C122,10,P63,bws,8
415,C122,10,P64,bws,4
416,C123,3,P35,sweets,1
417,C123,3,P38,sweets,1
418,C123,3,P39,sweets,1
419,C123,3,P41,food,1
420,C123,3,P42,food,1
421,C123,3,P49,food,1
422,C123,3,P51,food,2
423,C123,3,P57,food,1
424,C123,3,P58,food,1
425,C123,3,P61,bws,2
426,C123,3,P62,bws,1
427,C123,3,P63,bws,2
428,C123,3,P64,bws,1
429,C124,7,P22,fruit_veg,1
430,C124,7,P24,fruit_veg,2
431,C124,7,P29,fruit_veg,1
432,C124,7,P31,fruit_veg,1
433,C124,7,P40,sweets,1
434,C124,7,P46,food,1
435,C124,7,P51,food,1
436,C124,7,P55,food,1
437,C124,7,P59,food,1
438,C125,1,P42,food,2
439,C125,1,P46,food,2
440,C125,1,P47,food,3
441,C125,1,P49,food,2
442,C125,1,P50,food,2
443,C125,1,P53,food,5
444,C125,1,P57,food,2
445,C125,1,P58,food,2
446,C125,1,P59,food,1
447,C125,1,P60,food,1
448,C126,4,P43,food,2
449,C126,4,P44,food,3
450,C126,4,P45,food,1
451,C126,4,P46,food,1
452,C126,4,P47,food,3
453,C126,4,P48,food,4
454,C126,4,P49,food,1
455,C126,4,P50,food,2
456,C126,4,P53,food,1
457,C126,4,P54,food,2
458,C126,4,P57,food,2
459,C126,4,P58,food,2
460,C126,4,P59,food,2
461,C126,4,P60,food,3
462,C127,4,P01,house,1
463,C127,4,P03,house,1
464,C127,4,P05,house,1
465,C127,4,P11,house,1
466,C127,4,P29,fruit_veg,1
467,C127,4,P32,fruit_veg,1
468,C127,4,P41,food,1
469,C127,4,P42,food,2
470,C127,4,P45,food,4
471,C127,4,P50,food,1
472,C127,4,P51,food,2
473,C127,4,P55,food,2
474,C127,4,P60,food,1
475,C128,5,P02,house,1
476,C128,5,P03,house,1
477,C128,5,P05,house,1
478,C128,5,P07,house,4
479,C128,5,P08,house,1
480,C128,5,P10,house,1
481,C128,5,P11,house,1
482,C128,5,P12,house,1
483,C128,5,P35,sweets,3
484,C128,5,P36,sweets,3
485,C128,5,P37,sweets,2
486,C128,5,P38,sweets,1
487,C128,5,P39,sweets,1
488,C128,5,P40,sweets,2
489,C129,7,P23,fruit_veg,1
490,C129,7,P24,fruit_veg,1
491,C129,7,P26,fruit_veg,1
492,C129,7,P31,fruit_veg,1
493,C129,7,P32,fruit_veg,1
494,C129,7,P35,sweets,1
495,C129,7,P36,sweets,2
496,C129,7,P37,sweets,2
497,C129,7,P38,sweets,1
498,C129,7,P39,sweets,1
499,C129,7,P40,sweets,1
500,C129,7,P61,bws,4
501,C129,7,P62,bws,3
502,C129,7,P63,bws,1
503,C129,7,P64,bws,1
504,C13,8,P01,house,3
505,C13,8,P02,house,2
506,C13,8,P03,house,3
507,C13,8,P04,house,1
508,C13,8,P06,house,2
509,C13,8,P07,house,1
510,C13,8,P11,house,2
511,C13,8,P35,sweets,3
512,C13,8,P36,sweets,4
513,C13,8,P38,sweets,2
514,C13,8,P39,sweets,1
515,C13,8,P40,sweets,2
516,C13,8,P41,food,3
517,C13,8,P42,food,1
518,C13,8,P43,food,1
519,C13,8,P44,food,2
520,C13,8,P45,food,1
521,C13,8,P50,food,1
522,C13,8,P51,food,1
523,C13,8,P53,food,1
524,C13,8,P54,food,1
525,C13,8,P57,food,2
526,C13,8,P58,food,3
527,C13,8,P60,food,2
528,C130,7,P22,fruit_veg,1
529,C130,7,P24,fruit_veg,2
530,C130,7,P25,fruit_veg,1
531,C130,7,P27,fruit_veg,1
532,C130,7,P28,fruit_veg,1
533,C130,7,P31,fruit_veg,1
534,C130,7,P35,sweets,1
535,C130,7,P37,sweets,1
536,C130,7,P40,sweets,1
537,C130,7,P46,food,1
538,C130,7,P49,food,1
539,C130,7,P56,food,1
540,C130,7,P58,food,2
541,C131,4,P01,house,2
542,C131,4,P02,house,1
543,C131,4,P03,house,1
544,C131,4,P05,house,1
545,C131,4,P06,house,1
546,C131,4,P07,house,1
547,C131,4,P08,house,2
548,C131,4,P24,fruit_veg,1
549,C131,4,P26,fruit_veg,1
550,C131,4,P33,fruit_veg,2
551,C131,4,P35,sweets,9
552,C131,4,P36,sweets,9
553,C131,4,P37,sweets,6
554,C131,4,P38,sweets,7
555,C131,4,P39,sweets,3
556,C131,4,P40,sweets,8
557,C132,7,P22,fruit_veg,1
558,C132,7,P23,fruit_veg,1
559,C132,7,P25,fruit_veg,3
560,C132,7,P26,fruit_veg,1
561,C132,7,P28,fruit_veg,1
562,C132,7,P29,fruit_veg,3
563,C132,7,P30,fruit_veg,2
564,C132,7,P31,fruit_veg,1
565,C132,7,P32,fruit_veg,2
566,C132,7,P34,fruit_veg,1
567,C132,7,P41,food,1
568,C132,7,P43,food,2
569,C132,7,P44,food,3
570,C132,7,P45,food,2
571,C132,7,P46,food,3
572,C132,7,P47,food,1
573,C132,7,P48,food,1
574,C132,7,P49,food,2
575,C132,7,P50,food,1
576,C132,7,P51,food,2
577,C132,7,P53,food,2
578,C132,7,P54,food,2
579,C132,7,P59,food,1
580,C132,7,P60,food,1
581,C132,7,P61,bws,3
582,C132,7,P62,bws,8
583,C132,7,P63,bws,4
584,C132,7,P64,bws,3
585,C133,3,P23,fruit_veg,1
586,C133,3,P25,fruit_veg,1
587,C133,3,P26,fruit_veg,1
588,C133,3,P27,fruit_veg,1
589,C133,3,P29,fruit_veg,2
590,C133,3,P30,fruit_veg,1
591,C133,3,P46,food,2
592,C133,3,P47,food,1
593,C133,3,P51,food,1
594,C133,3,P54,food,1
595,C133,3,P57,food,1
596,C134,6,P03,house,1
597,C134,6,P04,house,1
598,C134,6,P05,house,3
599,C134,6,P06,house,1
600,C134,6,P08,house,1
601,C134,6,P09,house,1
602,C134,6,P10,house,2
603,C134,6,P11,house,1
604,C134,6,P12,house,2
605,C134,6,P23,fruit_veg,2
606,C134,6,P24,fruit_veg,2
607,C134,6,P27,fruit_veg,1
608,C134,6,P29,fruit_veg,2
609,C134,6,P35,sweets,3
610,C134,6,P36,sweets,1
611,C134,6,P38,sweets,3
612,C134,6,P39,sweets,2
613,C134,6,P40,sweets,3
614,C134,6,P61,bws,8
615,C134,6,P62,bws,9
616,C134,6,P63,bws,5
617,C134,6,P64,bws,5
618,C135,2,P03,house,1
619,C135,2,P05,house,1
620,C135,2,P06,house,1
621,C135,2,P07,house,1
622,C135,2,P08,house,1
623,C135,2,P10,house,1
624,C135,2,P12,house,1
625,C135,2,P13,clothes,2
626,C135,2,P14,clothes,2
627,C135,2,P15,clothes,3
628,C135,2,P16,clothes,3
629,C135,2,P17,clothes,2
630,C135,2,P18,clothes,1
631,C135,2,P19,clothes,1
632,C135,2,P21,clothes,1
633,C135,2,P23,fruit_veg,1
634,C135,2,P25,fruit_veg,1
635,C135,2,P27,fruit_veg,1
636,C135,2,P31,fruit_veg,1
637,C136,10,P22,fruit_veg,6
638,C136,10,P23,fruit_veg,5
639,C136,10,P24,fruit_veg,5
640,C136,10,P25,fruit_veg,2
641,C136,10,P26,fruit_veg,5
642,C136,10,P27,fruit_veg,10
643,C136,10,P28,fruit_veg,3
644,C136,10,P29,fruit_veg,9
645,C136,10,P30,fruit_veg,5
646,C136,10,P31,fruit_veg,3
647,C136,10,P32,fruit_veg,3
648,C136,10,P33,fruit_veg,10
649,C136,10,P34,fruit_veg,3
650,C137,9,P25,fruit_veg,1
651,C137,9,P27,fruit_veg,1
652,C137,9,P31,fruit_veg,2
653,C137,9,P32,fruit_veg,1
654,C137,9,P34,fruit_veg,1
655,C137,9,P43,food,1
656,C137,9,P44,food,2
657,C137,9,P45,food,1
658,C137,9,P46,food,1
659,C137,9,P49,food,3
660,C137,9,P51,food,1
661,C137,9,P52,food,1
662,C137,9,P53,food,1
663,C137,9,P54,food,1
664,C137,9,P55,food,2
665,C137,9,P56,food,2
666,C137,9,P58,food,3
667,C137,9,P59,food,1
668,C14,3,P01,house,1
669,C14,3,P03,house,1
670,C14,3,P04,house,1
671,C14,3,P05,house,1
672,C14,3,P06,house,3
673,C14,3,P07,house,2
674,C14,3,P08,house,2
675,C14,3,P09,house,2
676,C14,3,P11,house,2
677,C14,3,P12,house,1
678,C14,3,P35,sweets,1
679,C14,3,P37,sweets,1
680,C14,3,P38,sweets,1
681,C14,3,P39,sweets,2
682,C14,3,P40,sweets,2
683,C14,3,P42,food,1
684,C14,3,P44,food,2
685,C14,3,P48,food,1
686,C14,3,P62,bws,1
687,C14,3,P63,bws,1
688,C14,3,P64,bws,3
689,C15,6,P22,fruit_veg,4
690,C15,6,P23,fruit_veg,2
691,C15,6,P24,fruit_veg,1
692,C15,6,P25,fruit_veg,1
693,C15,6,P26,fruit_veg,1
694,C15,6,P27,fruit_veg,1
695,C15,6,P28,fruit_veg,1
696,C15,6,P29,fruit_veg,2
697,C15,6,P31,fruit_veg,1
698,C15,6,P32,fruit_veg,3
699,C15,6,P34,fruit_veg,3
700,C16,5,P41,food,1
701,C16,5,P43,food,1
702,C16,5,P45,food,1
703,C16,5,P46,food,1
704,C16,5,P51,food,1
705,C16,5,P53,food,1
706,C16,5,P55,food,1
707,C16,5,P56,food,1
708,C16,5,P58,food,2
709,C17,2,P35,sweets,2
710,C17,2,P37,sweets,1
711,C17,2,P38,sweets,2
712,C17,2,P39,sweets,2
713,C17,2,P40,sweets,2
714,C17,2,P48,food,1
715,C17,2,P54,food,1
716,C17,2,P60,food,1
717,C18,8,P35,sweets,12
718,C18,8,P36,sweets,11
719,C18,8,P37,sweets,5
720,C18,8,P38,sweets,9
721,C18,8,P39,sweets,10
722,C18,8,P40,sweets,6
723,C19,6,P41,food,3
724,C19,6,P43,food,3
725,C19,6,P44,food,5
726,C19,6,P45,food,7
727,C19,6,P46,food,1
728,C19,6,P48,food,3
729,C19,6,P49,food,2
730,C19,6,P50,food,1
731,C19,6,P51,food,4
732,C19,6,P52,food,2
733,C19,6,P53,food,3
734,C19,6,P54,food,4
735,C19,6,P55,food,5
736,C19,6,P56,food,2
737,C19,6,P57,food,2
738,C19,6,P58,food,3
739,C19,6,P59,food,1
740,C19,6,P60,food,2
741,C2,4,P01,house,3
742,C2,4,P02,house,5
743,C2,4,P03,house,3
744,C2,4,P04,house,1
745,C2,4,P05,house,3
746,C2,4,P06,house,2
747,C2,4,P07,house,2
748,C2,4,P08,house,4
749,C2,4,P09,house,1
750,C2,4,P11,house,2
751,C2,4,P12,house,1
752,C2,4,P61,bws,6
753,C2,4,P62,bws,3
754,C2,4,P63,bws,4
755,C2,4,P64,bws,6
756,C20,2,P13,clothes,1
757,C20,2,P15,clothes,1
758,C20,2,P19,clothes,1
759,C20,2,P41,food,1
760,C20,2,P42,food,1
761,C20,2,P44,food,1
762,C20,2,P50,food,1
763,C20,2,P52,food,1
764,C20,2,P54,food,1
765,C20,2,P55,food,1
766,C20,2,P60,food,1
767,C21,5,P02,house,1
768,C21,5,P03,house,3
769,C21,5,P07,house,2
770,C21,5,P08,house,1
771,C21,5,P10,house,1
772,C21,5,P12,house,1
773,C21,5,P35,sweets,2
774,C21,5,P36,sweets,1
775,C21,5,P39,sweets,1
776,C21,5,P40,sweets,1
777,C22,1,P24,fruit_veg,1
778,C22,1,P27,fruit_veg,1
779,C22,1,P28,fruit_veg,1
780,C22,1,P29,fruit_veg,2
781,C22,1,P33,fruit_veg,1
782,C22,1,P44,food,1
783,C22,1,P49,food,1
784,C22,1,P53,food,1
785,C22,1,P56,food,1
786,C22,1,P59,food,1
787,C22,1,P60,food,1
788,C22,1,P62,bws,1
789,C23,10,P14,clothes,2
790,C23,10,P15,clothes,1
791,C23,10,P17,clothes,2
792,C23,10,P18,clothes,2
793,C23,10,P19,clothes,2
794,C23,10,P20,clothes,4
795,C23,10,P21,clothes,3
796,C23,10,P41,food,2
797,C23,10,P43,food,2
798,C23,10,P44,food,1
799,C23,10,P45,food,1
800,C23,10,P46,food,1
801,C23,10,P47,food,1
802,C23,10,P49,food,1
803,C23,10,P52,food,2
804,C23,10,P53,food,1
805,C23,10,P56,food,3
806,C23,10,P57,food,1
807,C23,10,P58,food,1
808,C23,10,P59,food,5
809,C23,10,P60,food,2
810,C24,6,P61,bws,9
811,C24,6,P62,bws,3
812,C24,6,P63,bws,4
813,C24,6,P64,bws,4
814,C25,9,P04,house,1
815,C25,9,P11,house,1
816,C25,9,P23,fruit_veg,2
817,C25,9,P25,fruit_veg,2
818,C25,9,P27,fruit_veg,1
819,C25,9,P28,fruit_veg,1
820,C25,9,P29,fruit_veg,2
821,C25,9,P33,fruit_veg,1
822,C25,9,P35,sweets,5
823,C25,9,P36,sweets,1
824,C25,9,P37,sweets,2
825,C25,9,P38,sweets,4
826,C25,9,P40,sweets,2
827,C25,9,P55,food,1
828,C26,1,P35,sweets,9
829,C26,1,P36,sweets,6
830,C26,1,P37,sweets,10
831,C26,1,P38,sweets,8
832,C26,1,P39,sweets,10
833,C26,1,P40,sweets,15
834,C27,10,P23,fruit_veg,3
835,C27,10,P24,fruit_veg,1
836,C27,10,P26,fruit_veg,1
837,C27,10,P27,fruit_veg,2
838,C27,10,P28,fruit_veg,2
839,C27,10,P30,fruit_veg,1
840,C27,10,P31,fruit_veg,1
841,C27,10,P33,fruit_veg,2
842,C27,10,P34,fruit_veg,1
843,C27,10,P35,sweets,4
844,C27,10,P36,sweets,4
845,C27,10,P37,sweets,5
846,C27,10,P39,sweets,3
847,C27,10,P40,sweets,5
848,C27,10,P61,bws,1
849,C27,10,P62,bws,4
850,C27,10,P63,bws,2
851,C27,10,P64,bws,1
852,C28,3,P14,clothes,1
853,C28,3,P15,clothes,1
854,C28,3,P16,clothes,2
855,C28,3,P17,clothes,1
856,C28,3,P18,clothes,1
857,C28,3,P19,clothes,2
858,C28,3,P21,clothes,2
859,C28,3,P46,food,1
860,C28,3,P52,food,1
861,C28,3,P54,food,1
862,C28,3,P61,bws,2
863,C28,3,P62,bws,1
864,C28,3,P63,bws,2
865,C28,3,P64,bws,7
866,C29,7,P13,clothes,1
867,C29,7,P14,clothes,1
868,C29,7,P15,clothes,1
869,C29,7,P16,clothes,3
870,C29,7,P17,clothes,3
871,C29,7,P18,clothes,2
872,C29,7,P19,clothes,4
873,C29,7,P20,clothes,1
874,C29,7,P21,clothes,3
875,C29,7,P22,fruit_veg,2
876,C29,7,P23,fruit_veg,1
877,C29,7,P24,fruit_veg,1
878,C29,7,P26,fruit_veg,2
879,C29,7,P27,fruit_veg,2
880,C29,7,P28,fruit_veg,4
881,C29,7,P29,fruit_veg,2
882,C29,7,P33,fruit_veg,1
883,C29,7,P35,sweets,5
884,C29,7,P36,sweets,4
885,C29,7,P37,sweets,3
886,C29,7,P38,sweets,3
887,C29,7,P39,sweets,2
888,C29,7,P40,sweets,7
889,C3,8,P08,house,2
890,C3,8,P15,clothes,1
891,C3,8,P20,clothes,1
892,C3,8,P21,clothes,1
893,C3,8,P35,sweets,3
894,C3,8,P37,sweets,2
895,C3,8,P39,sweets,1
896,C3,8,P42,food,2
897,C3,8,P45,food,2
898,C3,8,P50,food,1
899,C3,8,P52,food,1
900,C3,8,P57,food,1
901,C3,8,P58,food,1
902,C30,4,P01,house,2
903,C30,4,P03,house,2
904,C30,4,P05,house,1
905,C30,4,P06,house,1
906,C30,4,P09,house,1
907,C30,4,P10,house,1
908,C30,4,P11,house,1
909,C30,4,P35,sweets,1
910,C30,4,P36,sweets,2
911,C30,4,P37,sweets,5
912,C30,4,P38,sweets,3
913,C30,4,P39,sweets,1
914,C30,4,P44,food,1
915,C30,4,P45,food,2
916,C30,4,P46,food,1
917,C30,4,P48,food,1
918,C30,4,P50,food,2
919,C30,4,P52,food,1
920,C30,4,P53,food,1
921,C30,4,P54,food,1
922,C30,4,P56,food,1
923,C30,4,P58,food,1
924,C30,4,P59,food,1
925,C30,4,P62,bws,1
926,C30,4,P64,bws,1
927,C31,9,P01,house,4
928,C31,9,P02,house,2
929,C31,9,P03,house,1
930,C31,9,P05,house,2
931,C31,9,P06,house,4
932,C31,9,P07,house,2
933,C31,9,P10,house,2
934,C31,9,P11,house,3
935,C31,9,P12,house,2
936,C31,9,P22,fruit_veg,2
937,C31,9,P23,fruit_veg,5
938,C31,9,P24,fruit_veg,2
939,C31,9,P25,fruit_veg,4
940,C31,9,P26,fruit_veg,1
941,C31,9,P28,fruit_veg,1
942,C31,9,P29,fruit_veg,1
943,C31,9,P31,fruit_veg,3
944,C31,9,P32,fruit_veg,3
945,C31,9,P34,fruit_veg,4
946,C31,9,P35,sweets,3
947,C31,9,P37,sweets,3
948,C31,9,P38,sweets,1
949,C31,9,P39,sweets,1
950,C31,9,P40,sweets,2
951,C32,3,P41,food,1
952,C32,3,P50,food,1
953,C32,3,P52,food,1
954,C32,3,P61,bws,3
955,C32,3,P62,bws,6
956,C32,3,P63,bws,3
957,C32,3,P64,bws,2
958,C33,5,P41,food,3
959,C33,5,P42,food,3
960,C33,5,P43,food,3
961,C33,5,P46,food,2
962,C33,5,P47,food,3
963,C33,5,P49,food,1
964,C33,5,P51,food,2
965,C33,5,P52,food,2
966,C33,5,P53,food,3
967,C33,5,P54,food,1
968,C33,5,P55,food,3
969,C33,5,P56,food,1
970,C33,5,P57,food,2
971,C33,5,P58,food,2
972,C33,5,P59,food,2
973,C33,5,P60,food,1
974,C34,3,P01,house,2
975,C34,3,P04,house,1
976,C34,3,P05,house,2
977,C34,3,P06,house,1
978,C34,3,P07,house,1
979,C34,3,P08,house,2
980,C34,3,P09,house,3
981,C34,3,P10,house,1
982,C34,3,P11,house,1
983,C34,3,P12,house,1
984,C35,7,P02,house,1
985,C35,7,P06,house,1
986,C35,7,P07,house,2
987,C35,7,P08,house,2
988,C35,7,P10,house,1
989,C35,7,P12,house,1
990,C35,7,P35,sweets,1
991,C35,7,P37,sweets,1
992,C35,7,P42,food,1
993,C35,7,P43,food,1
994,C35,7,P45,food,1
995,C35,7,P52,food,1
996,C35,7,P53,food,1
997,C35,7,P59,food,1
998,C35,7,P60,food,2
999,C36,5,P02,house,1
1000,C36,5,P09,house,1
1001,C36,5,P11,house,1
1002,C36,5,P12,house,1
1003,C36,5,P36,sweets,3
1004,C36,5,P37,sweets,1
1005,C36,5,P38,sweets,2
1006,C36,5,P39,sweets,1
1007,C36,5,P40,sweets,5
1008,C37,9,P35,sweets,8
1009,C37,9,P36,sweets,6
1010,C37,9,P37,sweets,6
1011,C37,9,P38,sweets,4
1012,C37,9,P39,sweets,4
1013,C37,9,P40,sweets,4
1014,C38,7,P22,fruit_veg,4
1015,C38,7,P23,fruit_veg,6
1016,C38,7,P24,fruit_veg,7
1017,C38,7,P25,fruit_veg,3
1018,C38,7,P26,fruit_veg,6
1019,C38,7,P27,fruit_veg,6
1020,C38,7,P28,fruit_veg,3
1021,C38,7,P29,fruit_veg,8
1022,C38,7,P30,fruit_veg,3
1023,C38,7,P31,fruit_veg,6
1024,C38,7,P32,fruit_veg,3
1025,C38,7,P33,fruit_veg,5
1026,C38,7,P34,fruit_veg,3
1027,C39,2,P14,clothes,2
1028,C39,2,P15,clothes,3
1029,C39,2,P16,clothes,2
1030,C39,2,P17,clothes,1
1031,C39,2,P18,clothes,3
1032,C39,2,P20,clothes,6
1033,C39,2,P21,clothes,1
1034,C39,2,P22,fruit_veg,2
1035,C39,2,P23,fruit_veg,3
1036,C39,2,P24,fruit_veg,1
1037,C39,2,P25,fruit_veg,1
1038,C39,2,P26,fruit_veg,1
1039,C39,2,P27,fruit_veg,2
1040,C39,2,P29,fruit_veg,1
1041,C39,2,P30,fruit_veg,1
1042,C39,2,P31,fruit_veg,1
1043,C39,2,P32,fruit_veg,1
1044,C39,2,P33,fruit_veg,2
1045,C39,2,P34,fruit_veg,1
1046,C39,2,P41,food,1
1047,C39,2,P44,food,1
1048,C39,2,P48,food,1
1049,C39,2,P49,food,3
1050,C39,2,P50,food,3
1051,C39,2,P53,food,1
1052,C39,2,P54,food,1
1053,C39,2,P56,food,1
1054,C39,2,P57,food,1
1055,C39,2,P58,food,1
1056,C39,2,P59,food,1
1057,C4,5,P15,clothes,2
1058,C4,5,P27,fruit_veg,1
1059,C4,5,P31,fruit_veg,1
1060,C4,5,P32,fruit_veg,1
1061,C4,5,P37,sweets,1
1062,C4,5,P38,sweets,2
1063,C4,5,P61,bws,1
1064,C4,5,P62,bws,2
1065,C40,4,P42,food,1
1066,C40,4,P43,food,1
1067,C40,4,P44,food,1
1068,C40,4,P45,food,1
1069,C40,4,P48,food,2
1070,C40,4,P50,food,1
1071,C40,4,P52,food,1
1072,C40,4,P53,food,1
1073,C40,4,P54,food,4
1074,C40,4,P57,food,1
1075,C40,4,P58,food,1
1076,C41,9,P22,fruit_veg,4
1077,C41,9,P23,fruit_veg,7
1078,C41,9,P24,fruit_veg,3
1079,C41,9,P25,fruit_veg,9
1080,C41,9,P26,fruit_veg,5
1081,C41,9,P27,fruit_veg,3
1082,C41,9,P29,fruit_veg,4
1083,C41,9,P30,fruit_veg,6
1084,C41,9,P31,fruit_veg,4
1085,C41,9,P32,fruit_veg,4
1086,C41,9,P33,fruit_veg,7
1087,C41,9,P34,fruit_veg,3
1088,C42,2,P22,fruit_veg,2
1089,C42,2,P23,fruit_veg,1
1090,C42,2,P24,fruit_veg,6
1091,C42,2,P25,fruit_veg,2
1092,C42,2,P27,fruit_veg,2
1093,C42,2,P28,fruit_veg,2
1094,C42,2,P29,fruit_veg,3
1095,C42,2,P30,fruit_veg,4
1096,C42,2,P31,fruit_veg,4
1097,C42,2,P32,fruit_veg,6
1098,C42,2,P33,fruit_veg,5
1099,C42,2,P34,fruit_veg,1
1100,C42,2,P35,sweets,3
1101,C42,2,P36,sweets,6
1102,C42,2,P37,sweets,4
1103,C42,2,P38,sweets,3
1104,C42,2,P39,sweets,2
1105,C42,2,P40,sweets,3
1106,C43,10,P35,sweets,6
1107,C43,10,P36,sweets,5
1108,C43,10,P37,sweets,12
1109,C43,10,P38,sweets,11
1110,C43,10,P39,sweets,8
1111,C43,10,P40,sweets,11
1112,C44,9,P13,clothes,2
1113,C44,9,P14,clothes,1
1114,C44,9,P15,clothes,1
1115,C44,9,P16,clothes,4
1116,C44,9,P17,clothes,2
1117,C44,9,P18,clothes,2
1118,C44,9,P19,clothes,2
1119,C44,9,P20,clothes,2
1120,C44,9,P21,clothes,2
1121,C45,10,P22,fruit_veg,1
1122,C45,10,P23,fruit_veg,1
1123,C45,10,P24,fruit_veg,2
1124,C45,10,P27,fruit_veg,3
1125,C45,10,P28,fruit_veg,2
1126,C45,10,P29,fruit_veg,1
1127,C45,10,P30,fruit_veg,1
1128,C45,10,P31,fruit_veg,1
1129,C45,10,P32,fruit_veg,1
1130,C45,10,P33,fruit_veg,2
1131,C45,10,P34,fruit_veg,1
1132,C45,10,P61,bws,6
1133,C45,10,P62,bws,7
1134,C45,10,P63,bws,5
1135,C45,10,P64,bws,5
1136,C46,5,P41,food,3
1137,C46,5,P43,food,4
1138,C46,5,P44,food,3
1139,C46,5,P46,food,2
1140,C46,5,P47,food,6
1141,C46,5,P48,food,2
1142,C46,5,P49,food,4
1143,C46,5,P50,food,5
1144,C46,5,P51,food,1
1145,C46,5,P52,food,4
1146,C46,5,P53,food,4
1147,C46,5,P54,food,4
1148,C46,5,P55,food,3
1149,C46,5,P56,food,4
1150,C46,5,P57,food,2
1151,C46,5,P58,food,5
1152,C46,5,P60,food,2
1153,C47,2,P13,clothes,2
1154,C47,2,P14,clothes,1
1155,C47,2,P16,clothes,2
1156,C47,2,P17,clothes,1
1157,C47,2,P18,clothes,2
1158,C47,2,P19,clothes,1
1159,C47,2,P21,clothes,3
1160,C47,2,P35,sweets,2
1161,C47,2,P36,sweets,2
1162,C47,2,P37,sweets,1
1163,C47,2,P38,sweets,1
1164,C47,2,P40,sweets,3
1165,C47,2,P43,food,1
1166,C47,2,P45,food,2
1167,C47,2,P47,food,1
1168,C47,2,P50,food,1
1169,C47,2,P51,food,2
1170,C47,2,P54,food,1
1171,C47,2,P55,food,1
1172,C47,2,P57,food,1
1173,C47,2,P59,food,1
1174,C47,2,P60,food,2
1175,C48,4,P02,house,8
1176,C48,4,P03,house,4
1177,C48,4,P04,house,2
1178,C48,4,P05,house,7
1179,C48,4,P06,house,4
1180,C48,4,P07,house,1
1181,C48,4,P08,house,2
1182,C48,4,P09,house,2
1183,C48,4,P10,house,6
1184,C48,4,P11,house,4
1185,C48,4,P12,house,3
1186,C49,7,P01,house,2
1187,C49,7,P02,house,1
1188,C49,7,P03,house,1
1189,C49,7,P05,house,1
1190,C49,7,P08,house,1
1191,C49,7,P11,house,1
1192,C49,7,P15,clothes,2
1193,C49,7,P16,clothes,1
1194,C49,7,P21,clothes,1
1195,C49,7,P35,sweets,1
1196,C49,7,P36,sweets,2
1197,C49,7,P37,sweets,1
1198,C49,7,P38,sweets,1
1199,C5,7,P61,bws,16
1200,C5,7,P62,bws,8
1201,C5,7,P63,bws,13
1202,C5,7,P64,bws,10
1203,C50,8,P13,clothes,2
1204,C50,8,P14,clothes,4
1205,C50,8,P15,clothes,2
1206,C50,8,P16,clothes,4
1207,C50,8,P17,clothes,3
1208,C50,8,P19,clothes,1
1209,C50,8,P20,clothes,5
1210,C50,8,P21,clothes,2
1211,C50,8,P23,fruit_veg,1
1212,C50,8,P24,fruit_veg,1
1213,C50,8,P25,fruit_veg,1
1214,C50,8,P26,fruit_veg,1
1215,C50,8,P27,fruit_veg,1
1216,C50,8,P29,fruit_veg,1
1217,C50,8,P30,fruit_veg,2
1218,C50,8,P32,fruit_veg,1
1219,C50,8,P33,fruit_veg,1
1220,C50,8,P43,food,1
1221,C50,8,P46,food,2
1222,C50,8,P47,food,1
1223,C50,8,P50,food,1
1224,C50,8,P54,food,1
1225,C50,8,P56,food,1
1226,C51,3,P23,fruit_veg,2
1227,C51,3,P26,fruit_veg,1
1228,C51,3,P28,fruit_veg,2
1229,C51,3,P29,fruit_veg,2
1230,C51,3,P30,fruit_veg,1
1231,C51,3,P31,fruit_veg,1
1232,C51,3,P34,fruit_veg,2
1233,C52,1,P01,house,2
1234,C52,1,P02,house,2
1235,C52,1,P03,house,3
1236,C52,1,P04,house,1
1237,C52,1,P05,house,4
1238,C52,1,P06,house,4
1239,C52,1,P07,house,1
1240,C52,1,P09,house,6
1241,C52,1,P10,house,1
1242,C52,1,P11,house,3
1243,C52,1,P12,house,2
1244,C52,1,P41,food,1
1245,C52,1,P43,food,2
1246,C52,1,P46,food,1
1247,C52,1,P47,food,2
1248,C52,1,P54,food,1
1249,C52,1,P56,food,1
1250,C52,1,P57,food,1
1251,C52,1,P58,food,1
1252,C52,1,P60,food,2
1253,C52,1,P61,bws,4
1254,C52,1,P62,bws,5
1255,C52,1,P63,bws,5
1256,C52,1,P64,bws,4
1257,C53,4,P61,bws,8
1258,C53,4,P62,bws,7
1259,C53,4,P63,bws,6
1260,C53,4,P64,bws,11
1261,C54,2,P22,fruit_veg,1
1262,C54,2,P23,fruit_veg,1
1263,C54,2,P24,fruit_veg,1
1264,C54,2,P25,fruit_veg,1
1265,C54,2,P26,fruit_veg,1
1266,C54,2,P28,fruit_veg,1
1267,C54,2,P29,fruit_veg,2
1268,C54,2,P30,fruit_veg,1
1269,C54,2,P32,fruit_veg,1
1270,C54,2,P35,sweets,1
1271,C54,2,P36,sweets,1
1272,C54,2,P37,sweets,1
1273,C54,2,P38,sweets,6
1274,C54,2,P40,sweets,3
1275,C54,2,P43,food,1
1276,C54,2,P45,food,2
1277,C54,2,P46,food,1
1278,C54,2,P47,food,1
1279,C54,2,P52,food,1
1280,C54,2,P53,food,1
1281,C54,2,P54,food,1
1282,C54,2,P55,food,1
1283,C54,2,P56,food,2
1284,C54,2,P57,food,2
1285,C54,2,P61,bws,2
1286,C54,2,P62,bws,2
1287,C54,2,P63,bws,2
1288,C54,2,P64,bws,1
1289,C55,8,P42,food,2
1290,C55,8,P43,food,1
1291,C55,8,P44,food,2
1292,C55,8,P45,food,4
1293,C55,8,P46,food,2
1294,C55,8,P48,food,1
1295,C55,8,P49,food,4
1296,C55,8,P50,food,5
1297,C55,8,P52,food,1
1298,C55,8,P53,food,1
1299,C55,8,P54,food,2
1300,C55,8,P55,food,2
1301,C55,8,P57,food,1
1302,C55,8,P58,food,3
1303,C55,8,P59,food,3
1304,C55,8,P60,food,1
1305,C56,4,P01,house,5
1306,C56,4,P02,house,4
1307,C56,4,P03,house,4
1308,C56,4,P04,house,3
1309,C56,4,P05,house,4
1310,C56,4,P06,house,4
1311,C56,4,P07,house,5
1312,C56,4,P08,house,2
1313,C56,4,P09,house,5
1314,C56,4,P10,house,3
1315,C56,4,P11,house,3
1316,C56,4,P12,house,3
1317,C57,2,P42,food,3
1318,C57,2,P43,food,2
1319,C57,2,P45,food,2
1320,C57,2,P46,food,2
1321,C57,2,P47,food,2
1322,C57,2,P48,food,1
1323,C57,2,P49,food,2
1324,C57,2,P50,food,1
1325,C57,2,P53,food,2
1326,C57,2,P56,food,2
1327,C57,2,P57,food,2
1328,C57,2,P58,food,1
1329,C57,2,P59,food,1
1330,C57,2,P60,food,2
1331,C58,6,P02,house,1
1332,C58,6,P04,house,2
1333,C58,6,P06,house,1
1334,C58,6,P09,house,2
1335,C58,6,P17,clothes,1
1336,C58,6,P36,sweets,1
1337,C58,6,P38,sweets,5
1338,C58,6,P39,sweets,2
1339,C58,6,P40,sweets,1
1340,C59,6,P35,sweets,3
1341,C59,6,P36,sweets,7
1342,C59,6,P37,sweets,4
1343,C59,6,P38,sweets,4
1344,C59,6,P39,sweets,4
1345,C59,6,P40,sweets,9
1346,C59,6,P61,bws,11
1347,C59,6,P62,bws,8
1348,C59,6,P63,bws,10
1349,C59,6,P64,bws,6
1350,C6,10,P02,house,2
1351,C6,10,P06,house,1
1352,C6,10,P08,house,2
1353,C6,10,P12,house,2
1354,C6,10,P35,sweets,1
1355,C6,10,P36,sweets,1
1356,C6,10,P37,sweets,2
1357,C6,10,P39,sweets,2
1358,C6,10,P40,sweets,5
1359,C6,10,P42,food,1
1360,C6,10,P43,food,1
1361,C6,10,P51,food,1
1362,C6,10,P54,food,1
1363,C6,10,P55,food,1
1364,C6,10,P56,food,2
1365,C6,10,P60,food,2
1366,C60,10,P01,house,1
1367,C60,10,P02,house,1
1368,C60,10,P08,house,1
1369,C60,10,P09,house,2
1370,C60,10,P10,house,2
1371,C60,10,P12,house,1
1372,C60,10,P23,fruit_veg,1
1373,C60,10,P24,fruit_veg,1
1374,C60,10,P26,fruit_veg,1
1375,C60,10,P27,fruit_veg,2
1376,C60,10,P30,fruit_veg,1
1377,C61,4,P41,food,3
1378,C61,4,P42,food,2
1379,C61,4,P44,food,2
1380,C61,4,P45,food,2
1381,C61,4,P46,food,1
1382,C61,4,P48,food,2
1383,C61,4,P49,food,1
1384,C61,4,P50,food,2
1385,C61,4,P51,food,4
1386,C61,4,P52,food,1
1387,C61,4,P53,food,1
1388,C61,4,P55,food,3
1389,C61,4,P56,food,2
1390,C61,4,P57,food,2
1391,C61,4,P58,food,1
1392,C61,4,P59,food,2
1393,C61,4,P60,food,2
1394,C62,6,P22,fruit_veg,3
1395,C62,6,P23,fruit_veg,5
1396,C62,6,P24,fruit_veg,5
1397,C62,6,P25,fruit_veg,5
1398,C62,6,P26,fruit_veg,2
1399,C62,6,P27,fruit_veg,4
1400,C62,6,P28,fruit_veg,1
1401,C62,6,P29,fruit_veg,6
1402,C62,6,P30,fruit_veg,2
1403,C62,6,P31,fruit_veg,7
1404,C62,6,P32,fruit_veg,2
1405,C62,6,P33,fruit_veg,3
1406,C62,6,P34,fruit_veg,4
1407,C62,6,P35,sweets,1
1408,C62,6,P36,sweets,2
1409,C62,6,P37,sweets,2
1410,C62,6,P38,sweets,1
1411,C62,6,P39,sweets,1
1412,C62,6,P40,sweets,6
1413,C63,2,P22,fruit_veg,6
1414,C63,2,P23,fruit_veg,4
1415,C63,2,P24,fruit_veg,9
1416,C63,2,P25,fruit_veg,6
1417,C63,2,P26,fruit_veg,6
1418,C63,2,P27,fruit_veg,3
1419,C63,2,P28,fruit_veg,3
1420,C63,2,P29,fruit_veg,6
1421,C63,2,P30,fruit_veg,8
1422,C63,2,P31,fruit_veg,5
1423,C63,2,P32,fruit_veg,7
1424,C63,2,P33,fruit_veg,3
1425,C63,2,P34,fruit_veg,2
1426,C64,10,P01,house,1
1427,C64,10,P04,house,1
1428,C64,10,P09,house,1
1429,C64,10,P11,house,2
1430,C64,10,P24,fruit_veg,1
1431,C64,10,P27,fruit_veg,1
1432,C64,10,P29,fruit_veg,1
1433,C64,10,P30,fruit_veg,1
1434,C64,10,P35,sweets,2
1435,C64,10,P36,sweets,1
1436,C64,10,P38,sweets,4
1437,C64,10,P47,food,1
1438,C64,10,P50,food,1
1439,C64,10,P52,food,1
1440,C64,10,P57,food,1
1441,C64,10,P60,food,1
1442,C64,10,P62,bws,2
1443,C65,2,P23,fruit_veg,2
1444,C65,2,P24,fruit_veg,1
1445,C65,2,P27,fruit_veg,1
1446,C65,2,P28,fruit_veg,4
1447,C65,2,P30,fruit_veg,2
1448,C65,2,P31,fruit_veg,1
1449,C65,2,P32,fruit_veg,1
1450,C65,2,P33,fruit_veg,2
1451,C65,2,P35,sweets,2
1452,C65,2,P36,sweets,2
1453,C65,2,P37,sweets,2
1454,C65,2,P38,sweets,6
1455,C65,2,P40,sweets,4
1456,C65,2,P43,food,1
1457,C65,2,P54,food,1
1458,C65,2,P55,food,1
1459,C65,2,P59,food,1
1460,C66,10,P22,fruit_veg,1
1461,C66,10,P24,fruit_veg,1
1462,C66,10,P25,fruit_veg,2
1463,C66,10,P26,fruit_veg,2
1464,C66,10,P27,fruit_veg,2
1465,C66,10,P33,fruit_veg,1
1466,C66,10,P44,food,1
1467,C66,10,P49,food,1
1468,C66,10,P52,food,1
1469,C66,10,P61,bws,1
1470,C66,10,P62,bws,2
1471,C66,10,P64,bws,2
1472,C67,4,P13,clothes,2
1473,C67,4,P14,clothes,2
1474,C67,4,P17,clothes,2
1475,C67,4,P18,clothes,1
1476,C67,4,P20,clothes,2
1477,C67,4,P21,clothes,2
1478,C67,4,P22,fruit_veg,5
1479,C67,4,P25,fruit_veg,3
1480,C67,4,P26,fruit_veg,1
1481,C67,4,P27,fruit_veg,2
1482,C67,4,P28,fruit_veg,2
1483,C67,4,P29,fruit_veg,3
1484,C67,4,P31,fruit_veg,2
1485,C67,4,P32,fruit_veg,2
1486,C67,4,P33,fruit_veg,2
1487,C67,4,P34,fruit_veg,6
1488,C67,4,P35,sweets,5
1489,C67,4,P36,sweets,2
1490,C67,4,P37,sweets,2
1491,C67,4,P38,sweets,1
1492,C67,4,P61,bws,3
1493,C67,4,P62,bws,4
1494,C67,4,P63,bws,4
1495,C67,4,P64,bws,5
1496,C68,8,P23,fruit_veg,1
1497,C68,8,P24,fruit_veg,1
1498,C68,8,P26,fruit_veg,1
1499,C68,8,P28,fruit_veg,1
1500,C68,8,P34,fruit_veg,1
1501,C68,8,P35,sweets,1
1502,C68,8,P36,sweets,2
1503,C68,8,P37,sweets,1
1504,C68,8,P38,sweets,1
1505,C68,8,P40,sweets,2
1506,C68,8,P41,food,2
1507,C68,8,P54,food,1
1508,C68,8,P56,food,1
1509,C68,8,P58,food,1
1510,C68,8,P59,food,1
1511,C68,8,P61,bws,6
1512,C68,8,P62,bws,3
1513,C68,8,P63,bws,3
1514,C69,7,P14,clothes,2
1515,C69,7,P16,clothes,2
1516,C69,7,P17,clothes,2
1517,C69,7,P18,clothes,3
1518,C69,7,P19,clothes,2
1519,C69,7,P20,clothes,1
1520,C69,7,P21,clothes,1
1521,C69,7,P22,fruit_veg,1
1522,C69,7,P24,fruit_veg,2
1523,C69,7,P25,fruit_veg,3
1524,C69,7,P26,fruit_veg,1
1525,C69,7,P28,fruit_veg,1
1526,C69,7,P30,fruit_veg,1
1527,C69,7,P32,fruit_veg,1
1528,C69,7,P33,fruit_veg,2
1529,C69,7,P42,food,1
1530,C69,7,P44,food,2
1531,C69,7,P45,food,1
1532,C69,7,P46,food,2
1533,C69,7,P47,food,1
1534,C69,7,P48,food,2
1535,C69,7,P52,food,1
1536,C69,7,P53,food,1
1537,C7,3,P01,house,1
1538,C7,3,P03,house,1
1539,C7,3,P10,house,1
1540,C7,3,P12,house,2
1541,C7,3,P41,food,1
1542,C7,3,P46,food,2
1543,C7,3,P50,food,1
1544,C7,3,P51,food,1
1545,C7,3,P53,food,1
1546,C7,3,P54,food,1
1547,C7,3,P56,food,1
1548,C7,3,P58,food,1
1549,C7,3,P59,food,1
1550,C7,3,P61,bws,2
1551,C7,3,P62,bws,4
1552,C7,3,P63,bws,1
1553,C7,3,P64,bws,1
1554,C70,9,P01,house,1
1555,C70,9,P04,house,1
1556,C70,9,P07,house,2
1557,C70,9,P08,house,2
1558,C70,9,P09,house,1
1559,C70,9,P10,house,1
1560,C70,9,P11,house,1
1561,C70,9,P35,sweets,1
1562,C70,9,P37,sweets,3
1563,C70,9,P38,sweets,2
1564,C70,9,P39,sweets,1
1565,C70,9,P40,sweets,2
1566,C70,9,P41,food,3
1567,C70,9,P42,food,2
1568,C70,9,P45,food,1
1569,C70,9,P46,food,2
1570,C70,9,P48,food,2
1571,C70,9,P49,food,1
1572,C70,9,P53,food,3
1573,C70,9,P54,food,1
1574,C70,9,P55,food,1
1575,C70,9,P56,food,2
1576,C70,9,P57,food,1
1577,C70,9,P59,food,1
1578,C70,9,P60,food,1
1579,C71,8,P41,food,1
1580,C71,8,P42,food,3
1581,C71,8,P43,food,5
1582,C71,8,P45,food,3
1583,C71,8,P46,food,3
1584,C71,8,P47,food,1
1585,C71,8,P48,food,4
1586,C71,8,P49,food,3
1587,C71,8,P50,food,2
1588,C71,8,P51,food,1
1589,C71,8,P52,food,1
1590,C71,8,P53,food,1
1591,C71,8,P54,food,1
1592,C71,8,P55,food,2
1593,C71,8,P56,food,1
1594,C71,8,P58,food,1
1595,C71,8,P59,food,5
1596,C71,8,P60,food,2
1597,C72,5,P23,fruit_veg,2
1598,C72,5,P27,fruit_veg,3
1599,C72,5,P28,fruit_veg,1
1600,C72,5,P31,fruit_veg,1
1601,C72,5,P32,fruit_veg,1
1602,C72,5,P33,fruit_veg,1
1603,C72,5,P35,sweets,2
1604,C72,5,P38,sweets,1
1605,C72,5,P40,sweets,1
1606,C72,5,P41,food,1
1607,C72,5,P44,food,1
1608,C72,5,P46,food,1
1609,C72,5,P49,food,1
1610,C72,5,P51,food,1
1611,C72,5,P61,bws,1
1612,C72,5,P62,bws,1
1613,C72,5,P64,bws,1
1614,C73,2,P02,house,2
1615,C73,2,P03,house,1
1616,C73,2,P04,house,3
1617,C73,2,P06,house,2
1618,C73,2,P07,house,1
1619,C73,2,P08,house,2
1620,C73,2,P09,house,1
1621,C73,2,P10,house,2
1622,C73,2,P11,house,1
1623,C73,2,P12,house,2
1624,C73,2,P22,fruit_veg,1
1625,C73,2,P28,fruit_veg,1
1626,C73,2,P29,fruit_veg,2
1627,C73,2,P33,fruit_veg,3
1628,C73,2,P61,bws,6
1629,C73,2,P62,bws,2
1630,C73,2,P63,bws,6
1631,C73,2,P64,bws,2
1632,C74,5,P22,fruit_veg,1
1633,C74,5,P23,fruit_veg,2
1634,C74,5,P25,fruit_veg,4
1635,C74,5,P26,fruit_veg,1
1636,C74,5,P27,fruit_veg,3
1637,C74,5,P28,fruit_veg,2
1638,C74,5,P29,fruit_veg,1
1639,C74,5,P30,fruit_veg,1
1640,C74,5,P31,fruit_veg,2
1641,C74,5,P33,fruit_veg,2
1642,C74,5,P34,fruit_veg,2
1643,C74,5,P35,sweets,6
1644,C74,5,P36,sweets,3
1645,C74,5,P38,sweets,2
1646,C74,5,P39,sweets,1
1647,C74,5,P41,food,2
1648,C74,5,P42,food,2
1649,C74,5,P43,food,2
1650,C74,5,P44,food,2
1651,C74,5,P47,food,1
1652,C74,5,P48,food,1
1653,C74,5,P49,food,2
1654,C74,5,P52,food,1
1655,C74,5,P55,food,2
1656,C74,5,P56,food,1
1657,C74,5,P57,food,1
1658,C74,5,P59,food,1
1659,C75,8,P08,house,1
1660,C75,8,P10,house,1
1661,C75,8,P16,clothes,1
1662,C75,8,P26,fruit_veg,1
1663,C75,8,P27,fruit_veg,1
1664,C75,8,P30,fruit_veg,1
1665,C75,8,P33,fruit_veg,1
1666,C75,8,P34,fruit_veg,1
1667,C75,8,P47,food,1
1668,C75,8,P55,food,2
1669,C75,8,P57,food,1
1670,C75,8,P59,food,1
1671,C75,8,P60,food,1
1672,C76,10,P22,fruit_veg,1
1673,C76,10,P23,fruit_veg,6
1674,C76,10,P24,fruit_veg,3
1675,C76,10,P25,fruit_veg,5
1676,C76,10,P26,fruit_veg,5
1677,C76,10,P27,fruit_veg,3
1678,C76,10,P28,fruit_veg,3
1679,C76,10,P29,fruit_veg,3
1680,C76,10,P30,fruit_veg,6
1681,C76,10,P31,fruit_veg,3
1682,C76,10,P32,fruit_veg,2
1683,C76,10,P33,fruit_veg,7
1684,C76,10,P34,fruit_veg,3
1685,C77,9,P02,house,1
1686,C77,9,P03,house,1
1687,C77,9,P04,house,2
1688,C77,9,P05,house,1
1689,C77,9,P06,house,2
1690,C77,9,P08,house,1
1691,C77,9,P09,house,2
1692,C77,9,P10,house,2
1693,C78,9,P03,house,2
1694,C78,9,P05,house,1
1695,C78,9,P06,house,4
1696,C78,9,P08,house,2
1697,C78,9,P10,house,1
1698,C78,9,P12,house,1
1699,C78,9,P24,fruit_veg,1
1700,C78,9,P25,fruit_veg,2
1701,C78,9,P30,fruit_veg,2
1702,C78,9,P35,sweets,3
1703,C78,9,P36,sweets,1
1704,C78,9,P37,sweets,2
1705,C78,9,P38,sweets,1
1706,C78,9,P39,sweets,1
1707,C78,9,P61,bws,7
1708,C78,9,P62,bws,3
1709,C78,9,P63,bws,2
1710,C78,9,P64,bws,1
1711,C79,1,P61,bws,10
1712,C79,1,P62,bws,13
1713,C79,1,P63,bws,11
1714,C79,1,P64,bws,11
1715,C8,7,P22,fruit_veg,1
1716,C8,7,P23,fruit_veg,1
1717,C8,7,P24,fruit_veg,2
1718,C8,7,P25,fruit_veg,3
1719,C8,7,P26,fruit_veg,2
1720,C8,7,P27,fruit_veg,2
1721,C8,7,P30,fruit_veg,3
1722,C8,7,P32,fruit_veg,2
1723,C8,7,P34,fruit_veg,1
1724,C8,7,P35,sweets,1
1725,C8,7,P36,sweets,3
1726,C8,7,P37,sweets,2
1727,C8,7,P39,sweets,2
1728,C8,7,P40,sweets,2
1729,C8,7,P44,food,1
1730,C8,7,P45,food,1
1731,C8,7,P53,food,1
1732,C8,7,P62,bws,2
1733,C8,7,P63,bws,3
1734,C8,7,P64,bws,1
1735,C80,9,P02,house,2
1736,C80,9,P03,house,2
1737,C80,9,P05,house,1
1738,C80,9,P08,house,3
1739,C80,9,P11,house,1
1740,C80,9,P15,clothes,4
1741,C80,9,P16,clothes,2
1742,C80,9,P17,clothes,1
1743,C80,9,P19,clothes,1
1744,C80,9,P35,sweets,2
1745,C80,9,P38,sweets,1
1746,C80,9,P39,sweets,1
1747,C80,9,P43,food,1
1748,C80,9,P57,food,1
1749,C81,7,P01,house,8
1750,C81,7,P02,house,3
1751,C81,7,P03,house,9
1752,C81,7,P04,house,9
1753,C81,7,P05,house,4
1754,C81,7,P06,house,7
1755,C81,7,P07,house,7
1756,C81,7,P08,house,5
1757,C81,7,P09,house,4
1758,C81,7,P10,house,7
1759,C81,7,P11,house,5
1760,C82,9,P03,house,1
1761,C82,9,P07,house,1
1762,C82,9,P09,house,1
1763,C82,9,P12,house,1
1764,C82,9,P23,fruit_veg,2
1765,C82,9,P24,fruit_veg,2
1766,C82,9,P30,fruit_veg,1
1767,C82,9,P32,fruit_veg,1
1768,C82,9,P35,sweets,1
1769,C82,9,P36,sweets,4
1770,C82,9,P37,sweets,1
1771,C82,9,P38,sweets,2
1772,C82,9,P40,sweets,1
1773,C82,9,P61,bws,2
1774,C82,9,P62,bws,1
1775,C83,8,P02,house,1
1776,C83,8,P03,house,1
1777,C83,8,P05,house,1
1778,C83,8,P06,house,2
1779,C83,8,P08,house,1
1780,C83,8,P09,house,1
1781,C83,8,P25,fruit_veg,1
1782,C83,8,P28,fruit_veg,1
1783,C83,8,P30,fruit_veg,1
1784,C83,8,P33,fruit_veg,1
1785,C83,8,P41,food,1
1786,C83,8,P42,food,1
1787,C83,8,P50,food,1
1788,C83,8,P52,food,1
1789,C83,8,P54,food,1
1790,C84,1,P22,fruit_veg,2
1791,C84,1,P23,fruit_veg,2
1792,C84,1,P24,fruit_veg,1
1793,C84,1,P25,fruit_veg,5
1794,C84,1,P26,fruit_veg,5
1795,C84,1,P27,fruit_veg,7
1796,C84,1,P28,fruit_veg,2
1797,C84,1,P29,fruit_veg,3
1798,C84,1,P30,fruit_veg,4
1799,C84,1,P31,fruit_veg,6
1800,C84,1,P32,fruit_veg,2
1801,C84,1,P33,fruit_veg,1
1802,C84,1,P34,fruit_veg,4
1803,C85,8,P04,house,2
1804,C85,8,P06,house,1
1805,C85,8,P07,house,1
1806,C85,8,P08,house,2
1807,C85,8,P09,house,3
1808,C85,8,P10,house,1
1809,C85,8,P22,fruit_veg,1
1810,C85,8,P24,fruit_veg,3
1811,C85,8,P26,fruit_veg,1
1812,C85,8,P29,fruit_veg,1
1813,C85,8,P30,fruit_veg,2
1814,C85,8,P31,fruit_veg,1
1815,C85,8,P32,fruit_veg,1
1816,C85,8,P33,fruit_veg,1
1817,C85,8,P35,sweets,1
1818,C85,8,P36,sweets,6
1819,C85,8,P37,sweets,3
1820,C85,8,P39,sweets,6
1821,C85,8,P40,sweets,4
1822,C85,8,P41,food,1
1823,C85,8,P43,food,1
1824,C85,8,P44,food,1
1825,C85,8,P45,food,1
1826,C85,8,P48,food,1
1827,C85,8,P52,food,1
1828,C85,8,P55,food,1
1829,C85,8,P57,food,1
1830,C85,8,P58,food,1
1831,C85,8,P61,bws,3
1832,C85,8,P62,bws,4
1833,C85,8,P63,bws,1
1834,C85,8,P64,bws,5
1835,C86,8,P22,fruit_veg,2
1836,C86,8,P23,fruit_veg,2
1837,C86,8,P24,fruit_veg,1
1838,C86,8,P25,fruit_veg,1
1839,C86,8,P26,fruit_veg,1
1840,C86,8,P27,fruit_veg,2
1841,C86,8,P28,fruit_veg,3
1842,C86,8,P29,fruit_veg,3
1843,C86,8,P30,fruit_veg,1
1844,C86,8,P31,fruit_veg,5
1845,C86,8,P32,fruit_veg,1
1846,C86,8,P33,fruit_veg,1
1847,C86,8,P34,fruit_veg,4
1848,C86,8,P35,sweets,6
1849,C86,8,P36,sweets,2
1850,C86,8,P37,sweets,2
1851,C86,8,P38,sweets,5
1852,C86,8,P39,sweets,2
1853,C86,8,P40,sweets,4
1854,C86,8,P41,food,1
1855,C86,8,P44,food,1
1856,C86,8,P45,food,1
1857,C86,8,P46,food,1
1858,C86,8,P51,food,2
1859,C86,8,P52,food,1
1860,C86,8,P56,food,1
1861,C86,8,P58,food,1
1862,C86,8,P60,food,1
1863,C87,3,P23,fruit_veg,1
1864,C87,3,P31,fruit_veg,1
1865,C87,3,P32,fruit_veg,1
1866,C87,3,P33,fruit_veg,1
1867,C87,3,P36,sweets,1
1868,C87,3,P38,sweets,3
1869,C87,3,P39,sweets,1
1870,C87,3,P40,sweets,1
1871,C87,3,P41,food,1
1872,C87,3,P43,food,2
1873,C87,3,P52,food,1
1874,C87,3,P56,food,1
1875,C87,3,P57,food,1
1876,C87,3,P58,food,3
1877,C87,3,P59,food,1
1878,C87,3,P60,food,1
1879,C88,1,P01,house,1
1880,C88,1,P02,house,1
1881,C88,1,P03,house,1
1882,C88,1,P04,house,1
1883,C88,1,P06,house,1
1884,C88,1,P07,house,1
1885,C88,1,P08,house,1
1886,C88,1,P09,house,2
1887,C88,1,P10,house,2
1888,C88,1,P11,house,1
1889,C88,1,P12,house,2
1890,C88,1,P24,fruit_veg,2
1891,C88,1,P25,fruit_veg,2
1892,C89,8,P01,house,2
1893,C89,8,P05,house,2
1894,C89,8,P06,house,1
1895,C89,8,P07,house,1
1896,C89,8,P11,house,1
1897,C89,8,P12,house,2
1898,C89,8,P22,fruit_veg,2
1899,C89,8,P23,fruit_veg,1
1900,C89,8,P26,fruit_veg,1
1901,C89,8,P28,fruit_veg,2
1902,C89,8,P29,fruit_veg,1
1903,C89,8,P30,fruit_veg,1
1904,C89,8,P31,fruit_veg,1
1905,C89,8,P34,fruit_veg,1
1906,C89,8,P35,sweets,1
1907,C89,8,P39,sweets,1
1908,C89,8,P41,food,1
1909,C89,8,P50,food,1
1910,C89,8,P52,food,1
1911,C89,8,P53,food,2
1912,C89,8,P55,food,1
1913,C89,8,P59,food,1
1914,C9,8,P35,sweets,2
1915,C9,8,P36,sweets,3
1916,C9,8,P37,sweets,2
1917,C9,8,P39,sweets,4
1918,C9,8,P41,food,2
1919,C9,8,P42,food,2
1920,C9,8,P43,food,2
1921,C9,8,P44,food,1
1922,C9,8,P50,food,1
1923,C9,8,P51,food,1
1924,C9,8,P53,food,1
1925,C9,8,P54,food,2
1926,C9,8,P55,food,3
1927,C9,8,P56,food,1
1928,C9,8,P58,food,2
1929,C9,8,P59,food,1
1930,C9,8,P61,bws,3
1931,C9,8,P62,bws,8
1932,C9,8,P63,bws,5
1933,C9,8,P64,bws,2
1934,C90,3,P01,house,1
1935,C90,3,P02,house,1
1936,C90,3,P11,house,1
1937,C90,3,P41,food,1
1938,C90,3,P45,food,1
1939,C90,3,P46,food,1
1940,C90,3,P47,food,1
1941,C90,3,P49,food,1
1942,C90,3,P50,food,1
1943,C90,3,P51,food,1
1944,C90,3,P52,food,2
1945,C90,3,P55,food,1
1946,C90,3,P56,food,1
1947,C90,3,P58,food,1
1948,C90,3,P60,food,2
1949,C90,3,P61,bws,5
1950,C90,3,P62,bws,2
1951,C90,3,P64,bws,2
1952,C91,3,P01,house,2
1953,C91,3,P07,house,1
1954,C91,3,P08,house,1
1955,C91,3,P10,house,1
1956,C91,3,P12,house,1
1957,C91,3,P22,fruit_veg,1
1958,C91,3,P23,fruit_veg,1
1959,C91,3,P24,fruit_veg,2
1960,C91,3,P30,fruit_veg,1
1961,C91,3,P31,fruit_veg,1
1962,C91,3,P32,fruit_veg,2
1963,C91,3,P33,fruit_veg,2
1964,C91,3,P41,food,1
1965,C91,3,P42,food,1
1966,C91,3,P44,food,1
1967,C91,3,P46,food,1
1968,C91,3,P47,food,1
1969,C91,3,P48,food,1
1970,C91,3,P49,food,1
1971,C91,3,P50,food,1
1972,C91,3,P52,food,1
1973,C91,3,P55,food,2
1974,C91,3,P56,food,1
1975,C91,3,P57,food,2
1976,C91,3,P59,food,1
1977,C91,3,P60,food,1
1978,C91,3,P61,bws,1
1979,C91,3,P62,bws,1
1980,C91,3,P63,bws,6
1981,C91,3,P64,bws,1
1982,C92,1,P13,clothes,4
1983,C92,1,P14,clothes,7
1984,C92,1,P15,clothes,9
1985,C92,1,P16,clothes,11
1986,C92,1,P17,clothes,5
1987,C92,1,P18,clothes,7
1988,C92,1,P19,clothes,9
1989,C92,1,P20,clothes,7
1990,C92,1,P21,clothes,7
1991,C93,5,P01,house,1
1992,C93,5,P03,house,2
1993,C93,5,P04,house,1
1994,C93,5,P06,house,2
1995,C93,5,P08,house,1
1996,C93,5,P09,house,2
1997,C93,5,P10,house,1
1998,C93,5,P41,food,1
1999,C93,5,P42,food,1
2000,C93,5,P45,food,1
2001,C93,5,P54,food,1
2002,C93,5,P58,food,1
2003,C94,10,P35,sweets,4
2004,C94,10,P36,sweets,6
2005,C94,10,P37,sweets,3
2006,C94,10,P38,sweets,3
2007,C94,10,P39,sweets,6
2008,C94,10,P40,sweets,6
2009,C95,7,P35,sweets,4
2010,C95,7,P36,sweets,5
2011,C95,7,P37,sweets,2
2012,C95,7,P38,sweets,3
2013,C95,7,P39,sweets,5
2014,C95,7,P40,sweets,5
2015,C96,10,P02,house,2
2016,C96,10,P04,house,1
2017,C96,10,P09,house,3
2018,C96,10,P10,house,1
2019,C96,10,P11,house,1
2020,C96,10,P12,house,1
2021,C96,10,P23,fruit_veg,1
2022,C96,10,P24,fruit_veg,2
2023,C96,10,P25,fruit_veg,3
2024,C96,10,P26,fruit_veg,1
2025,C96,10,P28,fruit_veg,2
2026,C96,10,P29,fruit_veg,1
2027,C96,10,P31,fruit_veg,1
2028,C96,10,P32,fruit_veg,4
2029,C96,10,P33,fruit_veg,2
2030,C96,10,P34,fruit_veg,3
2031,C96,10,P61,bws,3
2032,C96,10,P62,bws,3
2033,C96,10,P63,bws,5
2034,C96,10,P64,bws,8
2035,C97,9,P01,house,4
2036,C97,9,P02,house,1
2037,C97,9,P03,house,4
2038,C97,9,P04,house,3
2039,C97,9,P05,house,6
2040,C97,9,P06,house,4
2041,C97,9,P07,house,3
2042,C97,9,P08,house,2
2043,C97,9,P09,house,2
2044,C97,9,P10,house,2
2045,C97,9,P11,house,3
2046,C97,9,P12,house,2
2047,C98,7,P22,fruit_veg,3
2048,C98,7,P23,fruit_veg,2
2049,C98,7,P24,fruit_veg,3
2050,C98,7,P25,fruit_veg,1
2051,C98,7,P26,fruit_veg,4
2052,C98,7,P27,fruit_veg,2
2053,C98,7,P28,fruit_veg,2
2054,C98,7,P29,fruit_veg,2
2055,C98,7,P30,fruit_veg,1
2056,C98,7,P31,fruit_veg,4
2057,C98,7,P32,fruit_veg,3
2058,C98,7,P33,fruit_veg,5
2059,C98,7,P34,fruit_veg,2
2060,C99,9,P13,clothes,1
2061,C99,9,P15,clothes,1
2062,C99,9,P17,clothes,1
2063,C99,9,P18,clothes,2
2064,C99,9,P19,clothes,2
2065,C99,9,P20,clothes,1
2066,C99,9,P21,clothes,1
2067,C99,9,P35,sweets,2
2068,C99,9,P36,sweets,1
2069,C99,9,P37,sweets,1
2070,C99,9,P38,sweets,3
2071,C99,9,P39,sweets,2
2072,C99,9,P40,sweets,2
2073,C99,9,P42,food,1
2074,C99,9,P44,food,1
2075,C99,9,P45,food,1
2076,C99,9,P51,food,1
2077,C99,9,P55,food,1
2078,C99,9,P56,food,1
2079,C99,9,P58,food,1
